ip,EUI
fd30:93d7:9154:b7c2:51f3:7fb:9128:b080,0x00124b0021aa3585
fd30:93d7:9154:b7c2:b069:2917:6e3f:6abf,0x00124b0021aa36ed
fd30:93d7:9154:b7c2:e1d:1adc:8f54:8f1a,0x00124b0021aa35a4
fd30:93d7:9154:b7c2:267d:9999:1bea:6e4c,0x00124b0021aa36e6
fd30:93d7:9154:b7c2:cbd4:bd38:a687:65f8,0x00124b0021aa35d5
fd30:93d7:9154:b7c2:5847:d498:cf93:d156,0x00124b0021aa378b
fd30:93d7:9154:b7c2:f7bc:5d74:d9c4:3570,0x00124b0021aa36fe
fd30:93d7:9154:b7c2:861:8de6:c5d6:d86,0x00124b0021aa34f5
fd30:93d7:9154:b7c2:3f39:906a:4dd6:9ea1,0x00124b0021aa35d4
